State,City,Long,Lat,OnsetDate,SeasonEnd,SeasonDays,Rainfall
Abia,AbaNorth,7.36,5.1,14-Mar,14-Dec,276,2556
Abia,AbaSouth,7.34,5.07,14-Mar,14-Dec,276,2569
Abia,Arochukwu,7.76,5.53,20-Mar,10-Dec,267,2354
Abia,Bende,7.59,5.63,21-Mar,10-Dec,265,2309
Abia,Ikwuano,7.55,5.37,18-Mar,12-Dec,270,2427
Abia,IsialaNgwaNorth,7.46,5.34,17-Mar,12-Dec,271,2439
Abia,IsialaNgwaSouth,7.4,5.27,16-Mar,12-Dec,272,2475
Abia,Isuikwua,7.47,5.77,23-Mar,9-Dec,262,2247
Abia,ObiNgwa,7.44,5.12,14-Mar,14-Dec,275,2544
Abia,Ohafia,7.75,5.65,21-Mar,10-Dec,264,2301
Abia,OsisiomaNgwa,7.33,5.18,15-Mar,13-Dec,274,2519
Abia,Ugwunagbo,7.34,5.02,13-Mar,14-Dec,278,2596
Abia,UkwaEast,7.41,4.94,12-Mar,15-Dec,279,2632
Abia,UkwaWest,7.26,4.97,12-Mar,15-Dec,278,2619
Abia,UmuahiaNorth,7.47,5.56,20-Mar,10-Dec,266,2343
Abia,UmuahiaSouth,7.46,5.46,19-Mar,11-Dec,268,2388
Abia,Umu-Nneochi,7.4,5.94,25-Mar,7-Dec,258,2173
Adamawa,Demsa,12.21,9.39,22-May,22-Oct,153,1097
Adamawa,Fufore,12.69,9.16,7-May,24-Oct,170,1143
Adamawa,Ganye,12.06,8.42,27-May,30-Oct,185,1320
Adamawa,Girie,12.66,10.16,21-May,22-Oct,149,965
Adamawa,Gombi,12.57,9.4,11-May,12-Nov,189,1004
Adamawa,Guyuk,12.01,9.8,16-May,9-Nov,180,933
Adamawa,Hong,13.07,10.25,22-May,5-Nov,171,865
Adamawa,Jada,12.49,8.66,1-Apr,18-Nov,205,1149
Adamawa,Jimeta,12.45,9.24,9-May,13-Nov,192,1032
Adamawa,Lamurde,11.83,9.54,13-May,11-Nov,186,978
Adamawa,Madagali,13.6,10.83,30-May,21-Oct,152,770
Adamawa,Maiha,13.24,9.83,16-May,8-Nov,180,929
Adamawa,Mayo-Bel,12.1,8.82,3-May,16-Nov,201,1116
Adamawa,Michika,13.5,10.58,26-May,3-Nov,163,821
Adamawa,MubiNorth,13.39,10.3,23-May,5-Nov,169,857
Adamawa,MubiSouth,13.4,10.18,21-May,6-Nov,172,875
Adamawa,Numan,11.94,9.46,11-May,4-Nov,177,1069
Adamawa,Shelleng,12.25,9.92,18-May,8-Nov,178,915
Adamawa,Song,12.81,9.8,16-May,9-Nov,180,934
Adamawa,Toungo,11.96,7.96,5-Apr,23-Nov,220,1313
Adamawa,YolaNorth,12.53,9.25,22-May,2-Oct,153,1138
Adamawa,YolaSouth,12.57,9.19,23-May,29-Sep,149,1124
AkwaIbom,Abak,7.75,5,9-Mar,16-Dec,283,2247
AkwaIbom,EasternObolo,7.68,4.51,2-Mar,20-Dec,294,2441
AkwaIbom,Eket,7.93,4.62,3-Mar,19-Dec,291,2394
AkwaIbom,EsitEket,8.07,4.64,4-Mar,19-Dec,291,2386
AkwaIbom,Essien-Udim,7.65,5.09,10-Mar,15-Dec,281,2210
AkwaIbom,EtimEkpo,7.59,4.97,8-Mar,16-Dec,284,2259
AkwaIbom,Etinan,7.83,4.82,6-Mar,17-Dec,287,2318
AkwaIbom,Ibeno,8.12,4.55,2-Mar,20-Dec,293,2424
AkwaIbom,IbesikpoAsutan,7.94,4.91,7-Mar,17-Dec,285,2282
AkwaIbom,IbionoIbom,7.88,5.2,11-Mar,14-Dec,279,2170
AkwaIbom,Ika,7.55,5.01,9-Mar,16-Dec,283,2242
AkwaIbom,Ikono,7.77,5.2,11-Mar,14-Dec,279,2171
AkwaIbom,Ikot-Aba,7.61,4.55,2-Mar,20-Dec,293,2424
AkwaIbom,Ikot-Ekp,7.68,5.19,11-Mar,15-Dec,279,2173
AkwaIbom,Ini,7.75,5.36,10-Mar,19-Dec,284,2326
AkwaIbom,Itu,7.95,5.12,10-Mar,15-Dec,281,2200
AkwaIbom,Mbo,8.3,4.62,3-Mar,19-Dec,292,2397
AkwaIbom,MkpatEnin,7.72,4.59,3-Mar,19-Dec,292,2407
AkwaIbom,NsitAtai,8.03,4.83,6-Mar,17-Dec,287,2314
AkwaIbom,NsitIbom,7.88,4.89,7-Mar,17-Dec,286,2289
AkwaIbom,NsitUbium,7.95,4.75,5-Mar,18-Dec,289,2342
AkwaIbom,ObotAkara,7.62,5.24,12-Mar,14-Dec,278,2156
AkwaIbom,Okobo,8.11,4.8,6-Mar,18-Dec,288,2324
AkwaIbom,Onna,7.85,4.62,3-Mar,19-Dec,291,2394
AkwaIbom,Oron,8.3,4.73,1-Mar,24-Dec,298,2772
AkwaIbom,Oruk-Ana,7.67,4.82,5-Mar,23-Dec,293,2360
AkwaIbom,UdungUko,8.24,4.75,5-Mar,18-Dec,289,2344
AkwaIbom,Ukanafun,7.64,4.91,7-Mar,17-Dec,285,2282
AkwaIbom,Uruan,8.02,4.98,8-Mar,16-Dec,284,2253
AkwaIbom,UrueOffo,8.17,4.71,5-Mar,18-Dec,290,2361
AkwaIbom,Uyo,7.88,5,9-Mar,16-Dec,283,2246
Anambra,Aguata,7.05,5.98,22-Mar,8-Dec,262,1894
Anambra,AnambraEast,6.86,6.29,26-Mar,6-Dec,256,1790
Anambra,AnambraWest,6.8,6.5,29-Mar,4-Dec,251,1724
Anambra,Anaocha,6.99,6.08,23-Mar,8-Dec,260,1859
Anambra,AwkaNorth,7.04,6.32,4-Apr,30-Nov,240,1882
Anambra,AwkaSouth,7.06,6.18,25-Mar,7-Dec,258,1827
Anambra,Ayamelum,6.96,6.53,30-Mar,4-Dec,251,1713
Anambra,Dunukofia,6.94,6.21,25-Mar,7-Dec,257,1814
Anambra,Ekwusigo,6.82,5.98,22-Mar,8-Dec,262,1891
Anambra,IdemiliNorth,6.89,6.11,24-Mar,7-Dec,260,1849
Anambra,IdemiliSouth,6.88,6.06,23-Mar,8-Dec,261,1867
Anambra,Ihiala,6.84,5.85,20-Mar,9-Dec,265,1938
Anambra,Njikoka,6.96,6.18,25-Mar,7-Dec,258,1827
Anambra,NnewiNorth,6.88,5.98,22-Mar,8-Dec,262,1891
Anambra,NnewiSouth,6.91,5.93,21-Mar,9-Dec,263,1909
Anambra,Ogbaru,6.74,5.87,21-Mar,9-Dec,265,1929
Anambra,OnitshaNorth,6.79,6.11,24-Mar,7-Dec,260,1849
Anambra,OnitshaSouth,6.76,6.08,23-Mar,8-Dec,260,1859
Anambra,OrumbaNorth,7.14,6.09,23-Mar,8-Dec,260,1856
Anambra,OrumbaSourth,7.24,5.99,22-Mar,8-Dec,262,1890
Anambra,Oyi,6.87,6.21,25-Mar,7-Dec,257,1817
Bauchi,Alkaleri,10.55,9.9,15-May,8-Nov,178,917
Bauchi,Bauchi,9.94,10.25,19-May,26-Oct,160,1078
Bauchi,Bogoro,9.62,9.64,9-Jun,5-Nov,149,800
Bauchi,Damban,10.8,11.56,7-Jun,26-Oct,142,718
Bauchi,Darazo,10.62,11.1,30-Jun,25-Oct,117,697
Bauchi,Dass,9.49,9.99,16-May,7-Nov,176,903
Bauchi,Gamawa,10.59,11.99,13-Jun,23-Oct,133,687
Bauchi,Gamjuwa,10.15,10.78,27-May,1-Nov,159,796
Bauchi,Giade,10.28,11.45,5-Jun,27-Oct,145,727
Bauchi,Itas/Gad,10.12,11.84,10-Jun,24-Oct,136,697
Bauchi,Jama'are,9.94,11.67,8-Jun,25-Oct,140,709
Bauchi,Katagum,10.23,11.6,7-Jun,26-Oct,141,715
Bauchi,Kirfi,10.55,10.41,22-May,4-Nov,167,843
Bauchi,Misau,10.54,11.41,5-Jun,27-Oct,146,731
Bauchi,Ningi,9.23,11.01,30-May,30-Oct,154,770
Bauchi,Shira,10.09,11.46,5-Jun,27-Oct,144,726
Bauchi,Tafawa-B,9.53,9.91,15-May,8-Nov,178,916
Bauchi,Toro,9.24,10.34,21-May,4-Nov,169,852
Bauchi,Warji,9.73,11.12,1-Jun,29-Oct,152,759
Bauchi,Zaki,10.43,12.23,12-Jul,13-Oct,93,555
Bayelsa,Brass,6.36,4.44,10-Mar,29-Dec,294,2100
Bayelsa,Ekeremor,5.57,4.87,11-Mar,26-Dec,290,2452
Bayelsa,Kolokuma/Opokuma,6.26,5.06,9-Mar,16-Dec,282,2224
Bayelsa,Nembe,6.31,4.49,2-Mar,20-Dec,294,2447
Bayelsa,Ogbia,6.33,4.73,5-Mar,18-Dec,289,2354
Bayelsa,Sagbama,6.2,5.14,11-Mar,15-Dec,280,2193
Bayelsa,SouthernIjaw,5.8,4.57,9-Mar,25-Dec,291,2225
Bayelsa,Yenegoa,6.38,5.09,18-Mar,5-Dec,262,2001
Benue,Ado,7.99,6.82,3-Apr,2-Dec,244,1625
Benue,Agatu,7.97,7.83,16-Apr,24-Nov,223,1346
Benue,Apa,7.92,7.62,14-Apr,26-Nov,227,1398
Benue,Buruku,9.13,7.37,10-Apr,28-Nov,232,1465
Benue,Gboko,8.92,7.33,9-Apr,28-Nov,233,1478
Benue,Guma,8.78,7.84,17-Apr,24-Nov,222,1342
Benue,GwerEast,8.45,7.38,10-Apr,28-Nov,232,1464
Benue,GwerWest,8.21,7.63,14-Apr,26-Nov,227,1396
Benue,Katsina-Ala,9.57,7.35,11-Apr,8-Dec,241,1734
Benue,Konshish,8.71,7.02,5-Apr,30-Nov,240,1566
Benue,Kwande,9.51,6.82,3-Apr,2-Dec,244,1623
Benue,Logo,9.22,7.71,15-Apr,25-Nov,225,1374
Benue,Makurdi,8.55,7.72,29-Apr,22-Nov,207,1248
Benue,Obi,8.27,6.98,5-Apr,1-Dec,241,1576
Benue,Ogbadibo,7.66,6.99,5-Apr,30-Nov,241,1573
Benue,Ohimini,7.96,7.21,8-Apr,29-Nov,236,1510
Benue,Oju,8.33,6.87,3-Apr,1-Dec,243,1610
Benue,Okpokwu,7.86,7,5-Apr,30-Nov,241,1572
Benue,Oturkpo,8.05,7.26,12-Apr,13-Dec,245,1422
Benue,Tarka,8.86,7.59,13-Apr,26-Nov,228,1407
Benue,Ukum,9.59,7.62,13-Apr,26-Nov,227,1400
Benue,Ushongo,9.12,7.03,5-Apr,30-Nov,240,1563
Benue,Vandeiky,9.05,6.84,9-Apr,15-Dec,250,2043
Borno,Abadam,13.14,13.49,22-Jun,19-Oct,111,364
Borno,Askira/U,12.97,10.67,25-May,2-Nov,152,809
Borno,Bama,14.21,11.51,6-Jun,26-Oct,134,722
Borno,Bayo,11.84,10.46,23-May,3-Nov,157,836
Borno,Biu,12.18,10.72,26-May,1-Nov,151,803
Borno,Chibok,12.89,10.81,27-May,1-Nov,149,793
Borno,Damboa,12.96,11.13,1-Jun,29-Oct,143,758
Borno,Dikwa,14.11,11.93,18-Jun,24-Oct,120,544
Borno,Gubio,12.84,12.68,22-Jun,17-Oct,109,655
Borno,Guzamala,13.3,12.85,24-Jun,16-Oct,106,650
Borno,Gwoza,13.72,11.15,1-Jun,29-Oct,142,755
Borno,Hawul,12.34,10.47,23-May,3-Nov,157,834
Borno,Jere,13.24,11.85,11-Jun,24-Oct,127,696
Borno,Kaga,12.57,11.59,7-Jun,26-Oct,133,716
Borno,Kala/Balge,14.56,12.12,14-Jun,22-Oct,121,679
Borno,Konduga,13.24,11.67,8-Jun,25-Oct,131,710
Borno,Kukawa,13.7,12.98,26-Jun,15-Oct,103,648
Borno,KwayaKusar,11.96,10.41,22-May,4-Nov,158,843
Borno,Mafa,13.65,12.03,13-Jun,22-Oct,123,684
Borno,Magumeri,12.73,12.17,15-Jun,21-Oct,120,676
Borno,Maidugur,13.2,11.86,16-Jun,23-Oct,121,588
Borno,Marte,13.94,12.38,18-Jun,20-Oct,116,666
Borno,Mobbar,12.65,13.18,29-Jun,13-Oct,98,645
Borno,Monguno,13.62,12.53,20-Jun,18-Oct,112,660
Borno,Ngala,14.28,12.28,17-Jun,20-Oct,118,671
Borno,Nganzai,13.2,12.48,22-Jun,21-Oct,113,444
Borno,Madagali,13.6,10.83,28-May,1-Nov,149,790
Borno,Shani,12.06,10.21,19-May,5-Nov,162,870
CrossRiver,Abi,8.01,5.9,17-Mar,12-Dec,270,2258
CrossRiver,Akamkpa,8.53,5.34,13-Mar,13-Dec,276,2117
CrossRiver,Akpabuyo,8.41,4.8,6-Mar,18-Dec,288,2325
CrossRiver,Bakassi,8.51,4.73,5-Mar,18-Dec,289,2351
CrossRiver,Bekwarra,8.89,6.67,31-Mar,3-Dec,248,1671
CrossRiver,Biase,8.04,5.55,16-Mar,12-Dec,272,2044
CrossRiver,Boki,9.02,6.27,26-Mar,6-Dec,256,1795
CrossRiver,CalabarMunicipal,8.32,4.99,7-Mar,24-Dec,292,2922
CrossRiver,CalabarSouth,8.32,4.8,6-Mar,18-Dec,288,2323
CrossRiver,Etung,8.78,5.83,20-Mar,10-Dec,266,1943
CrossRiver,Ikom,8.57,6.06,23-Mar,8-Dec,261,1866
CrossRiver,Obanliku,9.29,6.48,29-Mar,5-Dec,252,1729
CrossRiver,Obubra,8.35,5.99,22-Mar,8-Dec,262,1889
CrossRiver,Obudu,9.04,6.57,29-Mar,10-Dec,256,2043
CrossRiver,Odukpani,8.13,5.17,11-Mar,15-Dec,280,2181
CrossRiver,Ogoja,8.74,6.5,29-Mar,4-Dec,251,1722
CrossRiver,Yakurr,8.14,5.82,20-Mar,10-Dec,266,1948
CrossRiver,YalaCross,8.54,6.54,30-Mar,4-Dec,250,1709
Delta,AniochaNorth,6.5,6.32,27-Mar,6-Dec,255,2039
Delta,AniochaSouth,6.49,6.13,24-Mar,7-Dec,259,2102
Delta,Bomadi,5.85,5.22,12-Mar,14-Dec,279,2164
Delta,Burutu,5.5,5.31,13-Mar,14-Dec,277,2131
Delta,EthiopeWest,5.7,5.91,21-Mar,9-Dec,264,2157
Delta,EthiopeEast,6,5.69,18-Mar,11-Dec,269,1994
Delta,IkaNorth,6.26,6.22,25-Mar,7-Dec,257,2263
Delta,IkaSouth,6.21,6.18,25-Mar,7-Dec,258,2277
Delta,IsokoNorth,6.25,5.5,15-Mar,12-Dec,273,2060
Delta,IsokoSouth,6.23,5.4,14-Mar,13-Dec,275,2096
Delta,NdokwaEast,6.46,5.62,24-Mar,6-Dec,257,1937
Delta,NdokwaWest,6.32,5.81,20-Mar,10-Dec,266,1952
Delta,Okpe,5.75,5.66,18-Mar,11-Dec,269,2003
Delta,OshimiliNorth,6.65,6.29,26-Mar,6-Dec,256,1790
Delta,OshimiliSouth,6.66,6.08,23-Mar,8-Dec,260,1858
Delta,Patani,6.14,5.2,20-Mar,12-Dec,267,2164
Delta,Sapele,5.62,5.85,20-Mar,9-Dec,265,2138
Delta,Udu,5.81,5.48,15-Mar,12-Dec,273,2068
Delta,UghelliNorth,6.03,5.52,16-Mar,12-Dec,272,2055
Delta,UghelliSouth,5.82,5.37,14-Mar,13-Dec,275,2107
Delta,Ukwuani,6.25,5.81,20-Mar,10-Dec,266,1950
Delta,Uvwie,5.79,5.56,16-Mar,12-Dec,271,2038
Delta,WarriNorth,5.25,5.8,20-Mar,10-Dec,266,1953
Delta,WarriSouth,5.59,5.61,17-Mar,11-Dec,270,2021
Delta,WarriSouth-West,5.44,5.55,16-Mar,12-Dec,272,2041
Delta,Warri,5.73,5.52,8-Mar,25-Dec,292,2831
Ebonyi,Abakalik,8.19,6.25,12-Mar,12-Dec,275,1897
Ebonyi,AfikpoNorth,7.91,5.88,21-Mar,9-Dec,265,1928
Ebonyi,AfikpoSouth,7.81,5.86,9-Mar,14-Dec,280,1990
Ebonyi,Ebonyi,8.11,6.46,29-Mar,5-Dec,252,1734
Ebonyi,EzzaNorth,7.96,6.24,26-Mar,6-Dec,257,1806
Ebonyi,EzzaSouth,8,6.12,24-Mar,7-Dec,259,1847
Ebonyi,Ikwo,8.15,6.07,23-Mar,8-Dec,260,1862
Ebonyi,Ishielu,7.82,6.39,13-Mar,5-Dec,267,1757
Ebonyi,Ivo,7.63,5.9,21-Mar,9-Dec,264,1920
Ebonyi,Izzi,8.27,6.48,29-Mar,4-Dec,252,1729
Ebonyi,Ohaozara,7.8,5.97,22-Mar,8-Dec,263,1896
Ebonyi,Ohaukwu,8,6.45,28-Mar,5-Dec,252,1740
Ebonyi,Onicha,7.89,6.07,23-Mar,8-Dec,260,1861
Edo,Akoko-Edo,6.1,7.36,1-Apr,3-Dec,246,1328
Edo,Egor,5.56,6.34,27-Mar,6-Dec,255,1773
Edo,EsanCentral,6.22,6.71,1-Apr,3-Dec,247,1659
Edo,EsanNorth,6.38,6.76,2-Apr,2-Dec,246,1643
Edo,EsanSouth,6.44,6.57,24-Mar,11-Dec,262,1524
Edo,EsanWest,6.12,6.66,31-Mar,3-Dec,248,1674
Edo,EtsakoCentral,6.49,6.95,4-Apr,1-Dec,241,1585
Edo,EtsakoEast,6.48,7.21,8-Apr,29-Nov,236,1510
Edo,EtsakoWest,6.32,6.98,5-Apr,1-Dec,241,1578
Edo,Igueben,6.22,6.49,29-Mar,4-Dec,251,1727
Edo,Ikpoba-Okha,5.65,6.18,25-Mar,7-Dec,258,1824
Edo,Oredo,5.54,6.23,25-Mar,6-Dec,257,1809
Edo,Orhionmwon,5.97,6.14,24-Mar,7-Dec,259,1839
Edo,OviaNorth-East,5.46,6.43,28-Mar,5-Dec,253,1744
Edo,OviaSouth-West,5.27,6.43,17-Mar,15-Dec,273,1687
Edo,OwanEast,5.98,7.06,6-Apr,30-Nov,239,1554
Edo,OwanWest,5.86,6.9,4-Apr,1-Dec,243,1601
Edo,Uhunmwonde,5.89,6.48,29-Mar,5-Dec,252,1730
Ekiti,Ado-Ekiti,5.28,7.6,20-Apr,18-Dec,242,1453
Ekiti,Efon,4.96,7.66,14-Apr,25-Nov,226,1389
Ekiti,EkitiEas,5.68,7.74,15-Apr,25-Nov,225,1368
Ekiti,EkitiSouth-West,5.07,7.53,12-Apr,26-Nov,229,1423
Ekiti,EkitiWest,5,7.68,14-Apr,25-Nov,226,1383
Ekiti,Emure/Ise/Orun,5.51,7.44,16-Apr,27-Nov,225,1407
Ekiti,Gboyin,5.49,7.61,13-Apr,26-Nov,227,1401
Ekiti,Ido/Osi,5.16,7.86,17-Apr,24-Nov,222,1337
Ekiti,Ijero,5.03,7.81,17-Apr,17-Nov,214,1313
Ekiti,Ikere,5.22,7.49,12-Apr,27-Nov,230,1435
Ekiti,Ikole,5.51,7.87,24-Apr,24-Nov,214,1221
Ekiti,Ilejemeje,5.21,7.93,18-Apr,23-Nov,220,1320
Ekiti,Irepodun-Ifelodun,5.25,7.69,15-Apr,25-Nov,226,1380
Ekiti,Ise-Orun,5.4,7.44,11-Apr,27-Nov,231,1446
Ekiti,Moba,5.12,7.97,18-Apr,23-Nov,220,1311
Ekiti,Oye,5.35,7.86,17-Apr,24-Nov,222,1337
Enugu,Aninri,7.6,6.04,3-Apr,2-Dec,243,1756
Enugu,Awgu,7.43,6.16,24-Mar,7-Dec,259,1834
Enugu,EnuguEast,7.53,6.56,20-Apr,29-Nov,223,1852
Enugu,EnuguNorth,7.53,6.45,28-Mar,5-Dec,252,1739
Enugu,EnuguSourth,7.5,6.4,28-Mar,5-Dec,253,1753
Enugu,Ezeagu,7.17,6.4,28-Mar,5-Dec,253,1756
Enugu,IgboEtiti,7.4,6.67,31-Mar,3-Dec,248,1670
Enugu,IgboEzeNorth,7.43,7.02,24-Apr,24-Nov,214,1352
Enugu,IgboEzeSouth,7.37,6.95,4-Apr,1-Dec,242,1586
Enugu,IsiUzo,7.63,6.72,1-Apr,3-Dec,246,1654
Enugu,NkanuEast,7.62,6.28,26-Mar,6-Dec,256,1794
Enugu,NkanuWest,7.5,6.33,27-Mar,6-Dec,255,1778
Enugu,Nsukka,7.36,6.84,3-Apr,2-Dec,244,1617
Enugu,Oji-River,7.26,6.17,25-Mar,7-Dec,258,1828
Enugu,Udenu,7.53,6.85,3-Apr,2-Dec,244,1614
Enugu,Udi,7.32,6.45,28-Mar,5-Dec,252,1740
Enugu,Uzo-Uwani,7.11,6.7,21-Apr,28-Nov,221,1518
Fct,Abaji,6.84,8.82,15-May,28-Nov,198,1191
Fct,AbujaMun,7.35,8.97,2-May,15-Nov,198,1086
Fct,Bwari,7.42,9.17,13-May,26-Nov,197,1341
Fct,Gwagwala,7,9.04,3-May,15-Nov,196,1071
Fct,Kuje,7.24,8.66,12-May,24-Nov,196,1280
Fct,Kwali,6.94,8.73,29-Apr,17-Nov,203,1136
Gombe,Akko,11.16,10.14,18-May,6-Nov,173,881
Gombe,Balanga,11.66,9.86,28-May,30-Oct,155,970
Gombe,Billiri,11.22,9.9,15-May,8-Nov,178,918
Gombe,Dukku,10.93,10.82,6-Jun,23-Oct,139,755
Gombe,Funakaye,11.39,10.81,27-May,1-Nov,159,793
Gombe,Gombe,11.24,10.31,6-Jun,8-Nov,155,990
Gombe,Kaltungo,11.49,9.89,15-May,8-Nov,178,919
Gombe,Kwami,11.27,10.54,24-May,3-Nov,164,826
Gombe,Nafada,11.19,11.1,31-May,30-Oct,152,761
Gombe,Shomgom,11.25,9.7,28-May,30-Oct,155,974
Gombe,Yamaltu,11.56,10.29,20-May,5-Nov,170,859
Imo,Aboh-Mba,7.25,5.44,15-Mar,13-Dec,274,2083
Imo,Ahizu-Mb,7.27,5.54,16-Mar,12-Dec,272,2045
Imo,Ehime-Mb,7.3,5.67,18-Mar,11-Dec,269,1998
Imo,Ezinihit,7.32,5.47,15-Mar,12-Dec,273,2070
Imo,IdeatoSouth,7.16,5.79,19-Mar,10-Dec,267,1959
Imo,IdeatoNorth,7.16,5.85,10-Mar,14-Dec,279,1879
Imo,Ihitte-Uboma,7.36,5.64,17-Mar,11-Dec,270,2011
Imo,Ikeduru,7.17,5.55,16-Mar,12-Dec,272,2044
Imo,sialaMbano,7.2,5.67,18-Mar,11-Dec,269,1998
Imo,Isu,7.07,5.68,18-Mar,11-Dec,269,1997
Imo,Mbaitoli,7.03,5.59,17-Mar,11-Dec,271,2030
Imo,NgorOkpala,7.14,5.32,6-Mar,16-Dec,285,2111
Imo,Njaba,7.04,5.71,18-Mar,10-Dec,268,1985
Imo,Nkwerre,7.12,5.73,19-Mar,10-Dec,268,1978
Imo,Nwangele,7.14,5.7,18-Mar,11-Dec,268,1988
Imo,Obowo,7.35,5.54,10-Mar,14-Dec,279,1879
Imo,Oguta,6.84,5.64,17-Mar,11-Dec,270,2011
Imo,Ohaji/Eg,6.84,5.41,14-Mar,13-Dec,275,2092
Imo,Okigwe,7.31,5.8,20-Mar,10-Dec,266,1954
Imo,Orlu,7.06,5.8,20-Mar,10-Dec,266,1955
Imo,Orsu,7.01,5.86,20-Mar,9-Dec,265,1934
Imo,OruEast,6.96,5.73,19-Mar,10-Dec,268,1979
Imo,OruWest,6.92,5.75,19-Mar,10-Dec,267,1971
Imo,OwerriMunicipal,7.04,5.48,16-Mar,16-Dec,275,2068
Imo,OwerriNorth,7.09,5.44,15-Mar,13-Dec,275,2475
Imo,OwerriWest,6.98,5.42,14-Mar,13-Dec,274,2088
Imo,Unuimo,7.24,5.77,19-Mar,10-Dec,267,1965
Jigawa,Auyo,9.97,12.32,17-Jun,20-Oct,126,669
Jigawa,Babura,8.83,12.64,21-Jun,18-Oct,119,656
Jigawa,Biriniwa,10.06,12.74,23-Jun,17-Oct,117,653
Jigawa,BirninKudu,9.55,11.5,6-Jun,26-Oct,144,723
Jigawa,Buji,9.71,11.51,6-Jun,26-Oct,143,722
Jigawa,Dutse,9.33,11.78,10-Jun,21-Oct,133,926
Jigawa,Gagarawa,9.51,12.47,19-Jun,19-Oct,123,662
Jigawa,Garki,9.11,12.37,18-Jun,20-Oct,125,666
Jigawa,Gumel,9.37,12.58,21-Jun,18-Oct,120,658
Jigawa,Guri,10.41,12.62,21-Jun,18-Oct,120,657
Jigawa,Gwaram,9.92,11.24,26-Jun,12-Oct,119,685
Jigawa,Gwiwa,8.26,12.69,7-Jul,8-Oct,93,519
Jigawa,Hadejia,10.04,12.42,18-Jun,19-Oct,124,664
Jigawa,Jahun,9.52,12.05,13-Jun,22-Oct,132,683
Jigawa,KafinHau,9.97,12.16,15-Jun,21-Oct,129,677
Jigawa,Kaugama,9.74,12.45,19-Jun,19-Oct,123,663
Jigawa,Kazaure,8.53,12.64,21-Jun,18-Oct,119,656
Jigawa,KiriKasa,10.19,12.53,20-Jun,18-Oct,122,660
Jigawa,Kiyawa,9.59,11.83,10-Jun,24-Oct,137,698
Jigawa,Maigatari,9.51,12.71,22-Jun,17-Oct,118,654
Jigawa,MalamMadori,10.01,12.52,20-Jun,18-Oct,122,660
Jigawa,Miga,9.66,12.2,15-Jun,21-Oct,129,675
Jigawa,Ringim,9.11,12.13,14-Jun,21-Oct,130,678
Jigawa,Roni,8.29,12.59,21-Jun,18-Oct,120,658
Jigawa,Sule-Tan,9.15,12.65,11-Jul,12-Oct,93,480
Jigawa,Taura,9.36,12.23,16-Jun,21-Oct,128,673
Jigawa,Yankwashi,8.5,12.7,22-Jun,17-Oct,118,654
Kaduna,Birnin-Gwari,6.69,10.85,18-May,8-Nov,174,1198
Kaduna,Chikun,7.27,10.4,22-May,4-Nov,167,845
Kaduna,Giwa,7.4,11.1,31-May,30-Oct,152,761
Kaduna,Igabi,7.52,10.65,25-May,2-Nov,162,812
Kaduna,Ikara,8.2,11.25,2-Jun,28-Oct,149,746
Kaduna,Jaba,8.02,9.44,9-May,11-Nov,188,995
Kaduna,Jema'a,8.22,9.29,6-May,13-Nov,191,1023
Kaduna,Kachia,7.65,9.8,12-May,15-Nov,187,1363
Kaduna,KadunaNorth,7.45,10.55,12-May,4-Nov,176,1173
Kaduna,KadunaSouth,7.43,10.49,23-May,3-Nov,165,832
Kaduna,Kagarko,7.65,9.39,8-May,12-Nov,189,1005
Kaduna,Kajuru,7.88,10.28,20-May,5-Nov,170,861
Kaduna,Kaura,8.46,9.61,11-May,10-Nov,184,966
Kaduna,Kauru,8.35,10.16,18-May,6-Nov,172,878
Kaduna,Kubau,8.34,10.89,28-May,31-Oct,157,784
Kaduna,Kudan,7.77,11.23,2-Jun,29-Oct,150,748
Kaduna,Lere,8.56,10.3,27-May,2-Nov,159,946
Kaduna,Makarfi,7.98,11.29,3-Jun,28-Oct,148,742
Kaduna,Sabon-Ga,7.7,11.15,1-Jun,29-Oct,151,756
Kaduna,Sanga,8.41,9.16,5-May,14-Nov,194,1047
Kaduna,Soba,7.95,10.98,30-May,30-Oct,155,774
Kaduna,ZangonKa,8.26,9.78,13-May,9-Nov,181,937
Kaduna,Zaria,7.71,11.06,12-Jun,26-Oct,136,1008
Kano,Ajingi,8.96,11.93,12-Jun,23-Oct,134,690
Kano,Albasu,9.02,11.63,8-Jun,25-Oct,141,712
Kano,Bagwai,8.12,12.07,14-Jun,22-Oct,131,682
Kano,Bebeji,8.31,11.53,6-Jun,26-Oct,143,721
Kano,Bichi,8.26,12.25,16-Jun,21-Oct,127,672
Kano,Bunkure,8.58,11.65,8-Jun,25-Oct,140,711
Kano,Dala,8.46,12,13-Jun,23-Oct,133,686
Kano,Dambatta,8.63,12.39,5-Jul,19-Oct,106,572
Kano,DawakinK,8.64,11.78,10-Jun,24-Oct,138,701
Kano,DawakinT,8.38,12.12,14-Jun,22-Oct,130,679
Kano,Doguwa,8.63,10.94,29-May,31-Oct,156,778
Kano,Fagge,8.56,11.98,12-Jun,23-Oct,133,687
Kano,Gabasawa,8.83,12.1,14-Jun,22-Oct,131,680
Kano,Garko,8.83,11.57,7-Jun,26-Oct,142,717
Kano,GarumMallam,8.37,11.65,8-Jun,25-Oct,141,711
Kano,Gaya,8.98,11.78,10-Jun,24-Oct,138,701
Kano,Gezawa,8.69,12.03,13-Jun,22-Oct,132,685
Kano,Gwale,8.47,11.97,12-Jun,23-Oct,134,688
Kano,Gwarzo,7.98,11.89,25-Jun,28-Oct,125,809
Kano,Kabo,8.16,11.86,11-Jun,24-Oct,136,695
Kano,Kano,8.47,11.94,19-Jun,24-Oct,127,926
Kano,Karaye,8.02,11.76,9-Jun,24-Oct,138,702
Kano,Kibiya,8.64,11.49,6-Jun,26-Oct,144,724
Kano,Kiru,8.15,11.59,7-Jun,26-Oct,142,715
Kano,Kumbotso,8.47,11.91,11-Jun,23-Oct,135,692
Kano,Kunchi,8.25,12.4,18-Jun,19-Oct,124,665
Kano,Kura,8.48,11.76,9-Jun,24-Oct,138,702
Kano,Madobi,8.36,11.81,10-Jun,24-Oct,137,699
Kano,Makoda,8.47,12.38,18-Jun,20-Oct,125,666
Kano,Minjibir,8.58,12.18,15-Jun,21-Oct,129,676
Kano,Nassaraw,8.51,12.01,13-Jun,22-Oct,133,686
Kano,Rano,8.51,11.49,6-Jun,26-Oct,144,724
Kano,RiminGad,8.25,11.91,11-Jun,23-Oct,135,692
Kano,Rogo,7.86,11.54,6-Jun,26-Oct,143,720
Kano,Shanono,7.97,12.04,13-Jun,22-Oct,132,684
Kano,Sumaila,8.89,11.38,10-Jul,27-Oct,109,794
Kano,Takai,9.06,11.45,5-Jun,27-Oct,145,728
Kano,Tarauni,8.53,11.96,12-Jun,23-Oct,134,689
Kano,Tofa,8.33,11.99,13-Jun,23-Oct,133,687
Kano,Tsanyawa,8,12.25,16-Jun,21-Oct,128,672
Kano,TundunWada,8.55,11.27,3-Jun,28-Oct,149,744
Kano,Ungogo,8.49,12.03,13-Jun,22-Oct,132,684
Kano,Warawa,8.72,11.92,12-Jun,23-Oct,135,692
Kano,Wudil,8.85,11.73,9-Jun,25-Oct,139,705
Katsina,Bakori,7.44,11.61,7-Jun,26-Oct,141,714
Katsina,Batagarawa,7.57,12.88,25-Jun,16-Oct,114,650
Katsina,Batsari,7.25,12.78,23-Jun,16-Oct,116,652
Katsina,Baure,8.76,12.8,24-Jun,16-Oct,116,651
Katsina,Bindawa,7.87,12.7,22-Jun,17-Oct,118,654
Katsina,Charanchi,7.67,12.6,21-Jun,18-Oct,120,657
Katsina,Dandume,7.18,11.4,5-Jun,27-Oct,146,731
Katsina,Danja,7.55,11.4,4-Jun,27-Oct,146,732
Katsina,Danmusa,7.37,12.2,14-Jun,26-Oct,134,729
Katsina,Daura,8.24,12.99,26-Jun,15-Oct,112,647
Katsina,Dutsi,8.15,12.91,25-Jun,15-Oct,113,649
Katsina,Dutsin-M,7.53,12.41,18-Jun,19-Oct,124,665
Katsina,Faskari,7.13,11.64,8-Jun,25-Oct,141,712
Katsina,Funtua,7.29,11.46,5-Jun,27-Oct,145,727
Katsina,Ingawa,8.05,12.62,21-Jun,18-Oct,120,657
Katsina,Jibia,7.33,13,26-Jun,15-Oct,111,647
Katsina,Kafur,7.71,11.63,8-Jun,25-Oct,141,713
Katsina,Kaita,7.69,13.15,28-Jun,14-Oct,108,645
Katsina,Kankara,7.39,11.95,12-Jun,23-Oct,134,689
Katsina,Kankiya,7.79,12.45,19-Jun,19-Oct,123,663
Katsina,Katsina(K),7.6,13,18-Jun,10-Oct,114,545
Katsina,Kurfi,7.5,12.71,22-Jun,17-Oct,118,654
Katsina,Kusada,7.97,12.47,19-Jun,19-Oct,123,662
Katsina,Mai'Adua,8.23,13.14,28-Jun,14-Oct,108,646
Katsina,Malumfashi,7.65,11.83,10-Jun,24-Oct,136,697
Katsina,Mani,7.95,12.88,25-Jun,16-Oct,114,650
Katsina,Mashi,7.99,13.14,28-Jun,14-Oct,108,646
Katsina,Matazu,7.63,12.26,16-Jun,20-Oct,127,672
Katsina,Musawa,7.65,12.06,14-Jun,22-Oct,132,683
Katsina,Rimi,7.7,12.84,24-Jun,16-Oct,115,651
Katsina,Sabuwa,7.08,11.33,8-Jun,27-Oct,141,1020
Katsina,Safana,7.27,12.5,20-Jun,19-Oct,122,661
Katsina,Sandamu,8.34,12.91,25-Jun,15-Oct,113,649
Katsina,Zango,8.54,12.96,27-Jun,17-Oct,112,479
Kebbi,Aleiro,4.47,12.25,16-Jun,21-Oct,128,672
Kebbi,Arewa,3.99,12.63,15-Jun,13-Oct,120,636
Kebbi,Argungu,4.46,12.63,21-Jun,18-Oct,119,656
Kebbi,Augie,4.68,12.9,25-Jun,15-Oct,113,649
Kebbi,Bagudo,3.97,11.36,4-Jun,27-Oct,147,736
Kebbi,BirninKe,4.33,12.41,18-Jun,19-Oct,124,665
Kebbi,Bunza,3.96,12.09,14-Jun,22-Oct,131,681
Kebbi,Dandi,3.76,11.82,10-Jun,24-Oct,137,698
Kebbi,DankoWasagu,5.55,11.46,22-May,2-Nov,164,988
Kebbi,Fakai,4.9,11.49,6-Jun,26-Oct,144,724
Kebbi,Gwandu,4.64,12.45,19-Jun,19-Oct,123,663
Kebbi,Jega,4.46,12.09,14-Jun,22-Oct,131,681
Kebbi,Kalgo,4.1,12.25,16-Jun,21-Oct,128,672
Kebbi,Koko/Bes,4.45,11.42,5-Jun,27-Oct,145,730
Kebbi,Maiyama,4.32,11.94,12-Jun,23-Oct,134,690
Kebbi,Ngaski,4.79,10.6,24-May,2-Nov,163,818
Kebbi,Sakaba,5.53,11.17,1-Jun,29-Oct,151,753
Kebbi,Shanga,4.73,11.24,2-Jun,28-Oct,149,747
Kebbi,Suru,4.1,11.7,31-May,4-Nov,157,836
Kebbi,Yauri,4.64,10.95,29-May,31-Oct,155,777
Kebbi,Zuru,5.3,11.51,6-Jun,26-Oct,143,722
Kogi,Adavi,6.4,7.63,14-Apr,26-Nov,227,1397
Kogi,Ajaokuta,6.57,7.44,11-Apr,27-Nov,231,1446
Kogi,Ankpa,7.6,7.41,11-Apr,27-Nov,232,1455
Kogi,Bassa,7.02,7.73,15-Apr,25-Nov,225,1370
Kogi,Dekina,7.14,7.52,12-Apr,26-Nov,229,1426
Kogi,Ibaji,6.78,6.79,17-Apr,6-Dec,233,1504
Kogi,Idah,6.72,7.05,6-Apr,30-Nov,239,1555
Kogi,Igalamela-Odolu,7.02,7.05,6-Apr,30-Nov,239,1557
Kogi,Ijumu,5.94,7.81,16-Apr,24-Nov,223,1349
Kogi,Kabba/Bu,6.2,8.02,19-Apr,22-Nov,218,1297
Kogi,Kotonkar,6.84,8.19,21-Apr,21-Nov,215,1255
Kogi,Lokoja,6.4,8.19,27-Apr,6-Dec,223,1259
Kogi,Mopa-Muro,5.9,8.12,20-Apr,22-Nov,216,1274
Kogi,Ofu,7.04,7.32,9-Apr,28-Nov,234,1479
Kogi,Ogori/Magongo,6.16,7.46,11-Apr,27-Nov,230,1441
Kogi,Okehi,6.28,7.69,14-Apr,25-Nov,226,1381
Kogi,Okene,6.3,7.45,11-Apr,27-Nov,231,1445
Kogi,Olamabor,7.5,7.17,7-Apr,29-Nov,237,1523
Kogi,Omala,7.51,7.75,15-Apr,25-Nov,224,1364
Kogi,YagbaEast,5.77,8.13,20-Apr,22-Nov,216,1272
Kogi,YagbaWest,5.54,8.24,5-May,19-Nov,198,1094
Kwara,Asa,4.47,8.43,25-Apr,19-Nov,210,1201
Kwara,Baruten,3.19,9.2,13-May,2-Dec,203,1051
Kwara,Edu,5.2,8.9,1-May,16-Nov,200,1100
Kwara,Ekiti,5.34,8.07,13-May,3-Dec,204,1140
Kwara,Ifelodun,4.97,8.59,27-Apr,18-Nov,206,1165
Kwara,IlorinEast,4.73,8.55,26-Apr,18-Nov,207,1173
Kwara,IlorinSouth,4.66,8.44,25-Apr,19-Nov,209,1198
Kwara,IlorinWe,4.56,8.47,18-May,25-Nov,191,1160
Kwara,Irepodun,4.96,8.17,21-Apr,21-Nov,215,1262
Kwara,Isin,5.07,8.24,22-Apr,21-Nov,214,1245
Kwara,Kaiama,4.29,9.36,7-May,12-Nov,190,1010
Kwara,Moro,4.61,8.86,1-May,16-Nov,200,1108
Kwara,Offa,4.71,8.15,21-Apr,22-Nov,216,1267
Kwara,Oke-Ero,5.25,8.14,21-Apr,22-Nov,216,1269
Kwara,Oyun,4.67,8.15,21-Apr,21-Nov,216,1265
Kwara,Pategi,5.81,8.65,15-May,27-Nov,114,1075
Lagos,Agege,3.31,6.64,31-Mar,3-Dec,248,1679
Lagos,Ajeromi/Ifelodun,3.33,6.46,29-Mar,5-Dec,252,1734
Lagos,Alimosho,3.25,6.6,31-Mar,4-Dec,249,1691
Lagos,AmuwoOdofin,3.28,6.42,28-Mar,5-Dec,253,1747
Lagos,Apapa,3.38,6.42,28-Mar,5-Dec,253,1749
Lagos,Badagary,2.88,6.41,28-Mar,5-Dec,253,1750
Lagos,Epe,4.1,6.48,29-Mar,4-Dec,252,1729
Lagos,Eti-Osa,3.51,6.44,28-Mar,5-Dec,253,1743
Lagos,Ibeju/Lekki,3.93,6.43,28-Mar,5-Dec,253,1745
Lagos,Ifako/Ijaye,3.3,6.68,1-Apr,3-Dec,247,1667
Lagos,Ikeja,3.33,6.62,17-Mar,3-Dec,261,1392
Lagos,Ikorodu,3.53,6.61,31-Mar,4-Dec,249,1689
Lagos,Kosofe,3.39,6.6,31-Mar,4-Dec,249,1692
Lagos,LagosIsland,3.47,6.52,6-Apr,30-Nov,238,1627
Lagos,Mainland,3.37,6.51,29-Mar,4-Dec,251,1721
Lagos,Mushin,3.34,6.55,30-Mar,4-Dec,250,1707
Lagos,Ojo,3.13,6.44,28-Mar,5-Dec,252,1741
Lagos,Oshodi/Isolo,3.31,6.56,30-Mar,4-Dec,250,1703
Lagos,Shomolu,3.38,6.55,30-Mar,4-Dec,250,1706
Lagos,Surulere,3.33,6.5,29-Mar,4-Dec,251,1722
Nasarawa,Akwanga,8.31,9.04,21-Apr,20-Nov,213,1248
Nasarawa,Awe,9.25,8.24,17-Apr,22-Nov,219,1220
Nasarawa,Doma,8.29,8.15,17-Apr,25-Nov,222,1293
Nasarawa,Karu,7.8,9.12,4-May,14-Nov,195,1056
Nasarawa,Keana,8.76,8.19,21-Apr,21-Nov,215,1257
Nasarawa,Keffi,7.83,8.83,30-Apr,16-Nov,201,1114
Nasarawa,Kokona,8.04,8.94,2-May,15-Nov,199,1092
Nasarawa,Lafia,8.74,8.69,30-Apr,23-Nov,207,1271
Nasarawa,Nasarawa,7.71,8.35,24-Apr,20-Nov,211,1219
Nasarawa,NassarawaEgon,8.42,8.73,29-Apr,17-Nov,203,1134
Nasarawa,Obi,8.77,8.34,23-Apr,20-Nov,212,1221
Nasarawa,Toto,7.24,8.29,23-Apr,20-Nov,213,1233
Nasarawa,Wamba,8.68,9.02,3-May,15-Nov,197,1076
Niger,Agaie,6.42,8.9,1-May,16-Nov,199,1099
Niger,Agwara,4.52,10.75,27-May,1-Nov,160,799
Niger,Bida,5.98,9.08,15-May,2-Nov,171,1163
Niger,Borgu,4.09,10.38,20-May,16-Nov,180,984
Niger,Bosso,6.41,9.58,10-May,10-Nov,185,971
Niger,Chanchaga,6.52,9.61,11-May,10-Nov,184,966
Niger,Edati,5.63,9.01,3-May,15-Nov,197,1078
Niger,Gbako,5.98,9.26,6-May,13-Nov,192,1028
Niger,Gurara,6.93,9.3,7-May,13-Nov,191,1022
Niger,Katcha,6.25,9.08,4-May,14-Nov,196,1064
Niger,Kontogur,5.45,10.42,22-May,4-Nov,167,842
Niger,Lapai,6.64,8.87,22-May,19-Nov,181,1191
Niger,Lavun,5.77,9.15,5-May,14-Nov,194,1050
Niger,Magama,4.94,10.36,17-May,16-Nov,183,1039
Niger,Mariga,5.75,10.67,25-May,2-Nov,162,810
Niger,Mashegu,5.2,9.77,17-May,24-Nov,191,994
Niger,Mokwa,5.45,9.14,4-May,14-Nov,194,1051
Niger,Muya,7.02,9.78,13-May,9-Nov,181,938
Niger,Paikoro,6.87,9.47,9-May,11-Nov,187,991
Niger,Rafi,6.26,10.15,18-May,6-Nov,173,879
Niger,Rijau,5.17,11.02,24-May,20-Nov,180,987
Niger,Shiroro,6.62,9.98,16-May,7-Nov,176,906
Niger,Suleja,7.15,9.18,5-May,13-Nov,194,1044
Niger,Tafa,7.23,9.25,6-May,13-Nov,192,1030
Niger,Wushishi,5.93,9.64,11-May,10-Nov,184,960
Ogun,AbeokutaSouth,3.35,7.17,31-Mar,23-Nov,237,1260
Ogun,AbeokutaNorth,3.18,7.24,8-Apr,29-Nov,235,1503
Ogun,AdoOdo/Ota,3.07,6.61,31-Mar,3-Dec,249,1687
Ogun,EgbadoNorth,2.9,7.13,7-Apr,29-Nov,238,1533
Ogun,EgbadoSouth,2.95,6.8,2-Apr,2-Dec,245,1629
Ogun,Ewekoro,3.21,6.95,4-Apr,1-Dec,241,1584
Ogun,Ifo,3.28,6.76,2-Apr,2-Dec,246,1642
Ogun,IjebuNorth-East,4.02,6.88,3-Apr,1-Dec,243,1607
Ogun,IjebuEast,4.16,6.77,2-Apr,2-Dec,245,1640
Ogun,IjebuNorth,3.98,7.01,5-Apr,30-Nov,240,1569
Ogun,IjebuOde,3.96,6.78,29-Mar,20-Nov,236,1621
Ogun,Ikenne,3.67,6.92,4-Apr,1-Dec,242,1594
Ogun,Imeko-Afon,2.89,7.65,22-Mar,27-Nov,250,1427
Ogun,Ipokia,2.81,6.61,22-Mar,2-Dec,255,1340
Ogun,Obafemi-Owode,3.48,6.95,4-Apr,1-Dec,241,1584
Ogun,Odeda,3.46,7.29,9-Apr,28-Nov,234,1489
Ogun,Odogbolu,3.82,6.82,3-Apr,2-Dec,244,1625
Ogun,OgunWaterside,4.4,6.39,23-Mar,14-Dec,266,1477
Ogun,Remo-North,3.71,7,5-Apr,30-Nov,240,1571
Ogun,Shagamu,3.54,6.82,2-Apr,2-Dec,244,1626
Ondo,AkokoNorth-East,5.84,7.55,13-Apr,26-Nov,228,1416
Ondo,AkokoSouth-East,5.92,7.45,11-Apr,27-Nov,231,1444
Ondo,AkokoSouth-West,5.69,7.4,10-Apr,27-Nov,232,1458
Ondo,AkokoNorthWest,5.79,7.67,24-Apr,19-Nov,209,1220
Ondo,AkureNorth,5.34,7.23,21-Mar,24-Nov,248,1478
Ondo,AkureSouth,5.22,7.2,8-Apr,29-Nov,236,1512
Ondo,Ese-Odo,4.96,6.27,26-Mar,6-Dec,256,1795
Ondo,Idanre,5.25,6.97,5-Apr,1-Dec,241,1579
Ondo,Ifedore,5.08,7.35,10-Apr,28-Nov,233,1473
Ondo,IlajeEseodo,4.79,6.08,24-Mar,7-Dec,258,1572
Ondo,IleOluji/Okeigbo,4.97,7.28,9-Apr,28-Nov,234,1491
Ondo,Irele,4.99,6.54,30-Mar,4-Dec,250,1711
Ondo,Odigbo,4.71,6.72,1-Apr,3-Dec,247,1656
Ondo,Okitipupa,4.71,6.56,30-Mar,4-Dec,250,1703
Ondo,OndoEast,4.95,7.06,23-Mar,8-Dec,260,1627
Ondo,OndoWest,4.72,7.01,5-Apr,30-Nov,240,1569
Ondo,Ose,5.73,7.07,16-Apr,  ,225,1407
Ondo,Owo,5.54,7.13,7-Apr,29-Nov,238,1535
Osun,AtakumosaEast,4.81,7.34,1-Apr,18-Nov,231,1559
Osun,AtakumosaWest,4.66,7.54,12-Apr,26-Nov,229,1421
Osun,Ayedaade,4.32,7.33,10-Apr,28-Nov,233,1477
Osun,Ayedire,4.26,7.55,13-Apr,26-Nov,229,1417
Osun,Boluwaduro,4.81,7.92,18-Apr,23-Nov,221,1322
Osun,Boripe,4.7,7.84,17-Apr,24-Nov,222,1341
Osun,EdeNorth,4.51,7.71,15-Apr,25-Nov,225,1375
Osun,EdeSouth,4.46,7.65,14-Apr,25-Nov,227,1392
Osun,Egbedore,4.46,7.77,16-Apr,24-Nov,224,1359
Osun,Ejigbo,4.27,7.78,16-Apr,24-Nov,224,1357
Osun,IfeEast,4.61,7.34,10-Apr,28-Nov,233,1474
Osun,IfeNorth,4.48,7.24,25-Mar,19-Nov,239,1572
Osun,IfeSouth,4.59,7.24,8-Apr,29-Nov,235,1503
Osun,IfeCentral,4.61,7.46,11-Apr,27-Nov,230,1441
Osun,Ifedayo,4.98,7.95,30-Mar,6-Nov,221,1408
Osun,Ifelodun,4.65,7.91,18-Apr,23-Nov,221,1325
Osun,Ila,4.9,7.95,18-Apr,23-Nov,220,1315
Osun,IleshaEast,4.76,7.59,13-Apr,26-Nov,228,1407
Osun,IleshaWest,4.71,7.64,14-Apr,25-Nov,227,1395
Osun,Irepodun,4.51,7.85,17-Apr,24-Nov,222,1339
Osun,Irewole,4.24,7.39,10-Apr,27-Nov,232,1461
Osun,Isokan,4.19,7.27,9-Apr,28-Nov,235,1493
Osun,Iwo,4.15,7.64,14-Apr,25-Nov,227,1394
Osun,Obokun,4.75,7.76,16-Apr,24-Nov,224,1361
Osun,Odo0tin,4.69,7.98,18-Apr,23-Nov,219,1308
Osun,Ola-Oluwa,4.21,7.73,15-Apr,25-Nov,225,1369
Osun,Olorunda,4.57,7.84,17-Apr,24-Nov,222,1342
Osun,Oriade,4.86,7.53,12-Apr,26-Nov,229,1423
Osun,Orolu,4.49,7.88,17-Apr,24-Nov,221,1331
Osun,Osogbo,4.58,7.75,31-Mar,12-Nov,226,1307
Oyo,Afijio,3.88,7.75,15-Apr,25-Nov,224,1364
Oyo,Akinyele,3.92,7.53,12-Apr,26-Nov,229,1422
Oyo,Atiba,3.92,8.25,22-Apr,21-Nov,214,1242
Oyo,Atisbo,3.25,8.35,24-Apr,20-Nov,211,1220
Oyo,Egbeda,4.02,7.38,10-Apr,27-Nov,232,1463
Oyo,IbadanNorth,3.91,7.41,27-Mar,30-Nov,248,1332
Oyo,IbadanNorth-East,3.93,7.37,10-Apr,28-Nov,232,1465
Oyo,IbadanNorth-West,3.88,7.4,11-Apr,27-Nov,232,1457
Oyo,IbadanSouth-East,3.91,7.34,10-Apr,28-Nov,233,1475
Oyo,IbadanSouth-West,3.86,7.36,10-Apr,28-Nov,233,1470
Oyo,IbarapaCentral,3.24,7.44,11-Apr,27-Nov,231,1447
Oyo,IbarapaEast,3.48,7.62,13-Apr,26-Nov,227,1400
Oyo,IbarapaNorth,3.2,7.64,14-Apr,25-Nov,227,1393
Oyo,Ido,3.73,7.5,12-Apr,27-Nov,230,1431
Oyo,Irepo,3.96,9,3-May,15-Nov,197,1079
Oyo,Iseyin,3.51,7.83,16-Apr,24-Nov,223,1344
Oyo,Itesiwaju,3.45,8.18,21-Apr,21-Nov,215,1257
Oyo,Iwajowa,3.04,7.97,3-Apr,3-Dec,244,1473
Oyo,Kajola,3.37,8.04,19-Apr,22-Nov,218,1293
Oyo,Lagelu,4.03,7.48,12-Apr,27-Nov,230,1437
Oyo,OgbomoshoNorth,4.27,8.15,21-Apr,21-Nov,216,1265
Oyo,OgbomoshoSouth,4.24,8.08,20-Apr,22-Nov,217,1282
Oyo,Ogo-Oluw,4.24,7.95,18-Apr,23-Nov,220,1315
Oyo,Olorunsogo,4.13,8.78,30-Apr,17-Nov,202,1123
Oyo,Oluyole,3.88,7.2,4-Apr,8-Dec,248,1550
Oyo,Ona-Ara,4.02,7.26,9-Apr,28-Nov,235,1495
Oyo,Orelope,3.81,8.81,30-Apr,16-Nov,201,1117
Oyo,Ori-Ire,4.14,8.32,23-Apr,20-Nov,212,1225
Oyo,OyoEast,4.01,7.88,17-Apr,24-Nov,222,1333
Oyo,OyoWest,3.83,7.9,17-Apr,23-Nov,221,1327
Oyo,SakiEast,3.62,8.7,25-Apr,18-Nov,207,1171
Oyo,SakiWest,3.09,8.59,25-Apr,18-Nov,207,1171
Oyo,Surulere,4.41,8.07,20-Apr,22-Nov,217,1284
Plateau,BarkinLadi,8.9,9.57,10-May,10-Nov,185,972
Plateau,Bassa,8.76,10,16-May,7-Nov,176,902
Plateau,Bokkos,8.89,9.19,11-May,12-Nov,185,1093
Plateau,JosEast,9.05,9.82,14-May,8-Nov,180,931
Plateau,JosNorth,8.86,9.89,9-May,28-Oct,172,1283
Plateau,JosSouth,8.81,9.75,13-May,9-Nov,181,942
Plateau,Kanam,10.05,9.48,9-May,11-Nov,187,988
Plateau,Kanke,9.58,9.39,8-May,12-Nov,189,1005
Plateau,LangtangNorth,9.78,9.04,3-May,15-Nov,196,1071
Plateau,LangtangSouth,9.82,8.61,2-May,16-Nov,198,1149
Plateau,Mangu,9.15,9.39,8-May,12-Nov,189,1004
Plateau,Mikang,9.55,9.02,3-May,15-Nov,197,1074
Plateau,Pankshin,9.41,9.24,6-May,13-Nov,192,1032
Plateau,Qua'anpa,9.11,8.83,30-Apr,16-Nov,201,1114
Plateau,Riyom,8.69,9.55,10-May,11-Nov,186,977
Plateau,Shendam,9.47,8.81,30-Apr,16-Nov,201,1117
Plateau,Wase,10.16,9.06,14-May,12-Nov,182,978
River,Abua/Odu,6.59,4.85,6-Mar,17-Dec,287,2305
River,AhoadaEast,6.61,5.04,9-Mar,16-Dec,283,2232
River,AhoadaWest,6.52,5.01,9-Mar,16-Dec,283,2241
River,Akukutor,6.74,4.53,3-Mar,17-Dec,289,2223
River,Andoni/O,7.38,4.53,2-Mar,20-Dec,294,2432
River,Asari-To,6.83,4.74,5-Mar,18-Dec,289,2349
River,Bonny,7.21,4.52,2-Mar,20-Dec,294,2435
River,Degema,6.9,4.59,3-Mar,19-Dec,292,2409
River,Eleme,7.19,4.73,5-Mar,18-Dec,289,2353
River,Emuoha,6.8,4.83,6-Mar,17-Dec,287,2314
River,Etche,7.08,5.05,9-Mar,16-Dec,282,2229
River,Gokana,7.24,4.65,4-Mar,19-Dec,291,2383
River,Ikwerre,6.87,5.04,9-Mar,16-Dec,283,2231
River,Khana,7.43,4.63,3-Mar,19-Dec,291,2392
River,Obio/Akp,6.98,4.8,6-Mar,18-Dec,288,2325
River,Ogba/Egbe,6.63,5.38,8-Mar,14-Dec,281,2118
River,Ogu/Bolo,7.19,4.65,4-Mar,19-Dec,291,2383
River,Okrika,7.09,4.65,4-Mar,19-Dec,291,2384
River,Omumma,7.16,5.08,10-Mar,15-Dec,282,2215
River,Opobo/Nkoro,7.5,4.52,2-Mar,23-Dec,296,2360
River,Oyigbo,7.26,4.84,6-Mar,17-Dec,287,2307
River,PortHarcourt,7.04,4.75,3-Mar,16-Dec,288,2206
River,Tai,7.27,4.73,5-Mar,18-Dec,289,2350
Sokoto,Binji,4.88,13.17,29-Jun,13-Oct,108,645
Sokoto,Bodinga,5.22,12.84,24-Jun,16-Oct,115,650
Sokoto,Dange-Shuni,5.46,12.86,24-Jun,16-Oct,114,650
Sokoto,Gada,5.39,13.65,5-Jul,10-Oct,98,647
Sokoto,Goronyo,5.8,13.35,1-Jul,12-Oct,104,645
Sokoto,Gudu,4.53,13.46,26-Jun,16-Oct,112,475
Sokoto,Gwadabaw,5.39,13.44,2-Jul,11-Oct,102,645
Sokoto,Illela,5.73,13.64,28-Jun,13-Oct,107,444
Sokoto,Isa,6.32,13.21,19-Jun,14-Oct,117,544
Sokoto,Kebbe,4.81,11.93,8-Jun,29-Oct,143,883
Sokoto,Kware,5.34,13.12,28-Jun,14-Oct,109,646
Sokoto,Rabah,5.73,13.04,27-Jun,14-Oct,111,647
Sokoto,SabonBirni,6.23,13.5,3-Jul,11-Oct,101,645
Sokoto,Shagari,5.15,12.52,20-Jun,18-Oct,122,660
Sokoto,Silame,4.91,12.98,26-Jun,15-Oct,112,648
Sokoto,SokotoNorth,5.27,13.06,20-Jun,14-Oct,116,580
Sokoto,SokotoSouth,5.29,13.03,20-Jun,14-Oct,116,580
Sokoto,Tambawal,4.93,12.37,18-Jun,20-Oct,125,666
Sokoto,Tangazar,5.01,13.49,3-Jul,11-Oct,101,645
Sokoto,Tureta,5.45,12.54,20-Jun,18-Oct,121,660
Sokoto,Wamakko,5.13,13.03,27-Jun,14-Oct,111,647
Sokoto,Wurno,5.56,13.26,30-Jun,13-Oct,106,645
Sokoto,Yabo,5,12.76,23-Jun,17-Oct,117,652
Taraba,Ardo-Kola,11.26,8.83,30-Apr,16-Nov,201,1113
Taraba,Bali,10.95,8.07,20-Apr,22-Nov,217,1285
Taraba,Donga,10.36,7.65,14-Apr,25-Nov,226,1391
Taraba,Gashaka,11.42,7.43,11-Apr,27-Nov,231,1449
Taraba,Gassol,10.55,8.37,24-Apr,20-Nov,211,1215
Taraba,Ibi,9.75,8.31,23-Apr,20-Nov,212,1227
Taraba,Jalingo,11.42,8.9,19-May,6-Nov,171,1082
Taraba,Karim-La,10.95,9.17,5-May,14-Nov,194,1046
Taraba,Kurmi,10.59,7.14,7-Apr,29-Nov,237,1530
Taraba,Lau,11.48,9.15,4-May,14-Nov,194,1050
Taraba,Sardauna,11.25,6.84,3-Apr,2-Dec,244,1617
Taraba,Takum,10.08,7.43,11-Apr,27-Nov,231,1451
Taraba,Ussa,9.92,6.91,4-Apr,1-Dec,242,1597
Taraba,Wukari,9.78,8,19-Apr,23-Nov,219,1303
Taraba,Yorro,11.67,8.88,1-May,16-Nov,200,1102
Taraba,Zing,11.82,8.89,1-May,16-Nov,200,1101
Yobe,Bade,10.94,12.73,23-Jun,17-Oct,108,653
Yobe,Borsari,11.39,12.68,22-Jun,17-Oct,109,655
Yobe,Damaturu,12.01,11.82,10-Jun,24-Oct,128,698
Yobe,Fika,11.29,11.42,5-Jun,27-Oct,136,730
Yobe,Fune,11.38,11.83,10-Jun,24-Oct,127,697
Yobe,Geidam,12.06,12.64,22-Jun,17-Oct,110,656
Yobe,Gujba,11.98,11.35,4-Jun,28-Oct,138,736
Yobe,Gulani,11.75,10.97,16-Jun,27-Oct,125,805
Yobe,Jakusko,10.97,12.45,19-Jun,19-Oct,114,663
Yobe,Karasuwa,10.74,12.91,25-Jun,15-Oct,104,649
Yobe,Machina,10.01,13.07,27-Jun,14-Oct,101,646
Yobe,Nangere,11.03,11.81,10-Jun,24-Oct,128,699
Yobe,Nguru,10.39,12.93,26-Jun,19-Oct,107,428
Yobe,Potiskum,11.21,11.7,23-Jun,29-Oct,120,669
Yobe,Tarmuwa,11.81,12.26,7-Jul,21-Oct,98,517
Yobe,Yunusari,11.88,13.15,10-Jul,16-Oct,90,342
Yobe,Yusufari,10.79,13.21,29-Jun,13-Oct,98,645
Zamfara,Anka,6.06,12,13-Jun,22-Oct,133,686
Zamfara,Bakura,5.85,12.52,20-Jun,18-Oct,122,660
Zamfara,Birnin-Magaji/Kiyaw,6.85,12.49,19-Jun,19-Oct,122,661
Zamfara,Bukkuyum,5.69,11.96,12-Jun,23-Oct,134,689
Zamfara,Bungudu,6.54,12.15,15-Jun,21-Oct,130,677
Zamfara,Gummi,5.29,11.95,12-May,28-Oct,169,923
Zamfara,Gusau,6.76,11.91,8-Jun,25-Oct,139,877
Zamfara,Kaura-Namoda,6.64,12.5,20-Jun,19-Oct,122,661
Zamfara,Maradun,6.33,12.74,23-Jun,17-Oct,117,653
Zamfara,Maru,6.36,11.71,9-Jun,1-Nov,145,862
Zamfara,Shinkafi,6.48,13,16-Jun,23-Oct,129,544
Zamfara,Talata-Mafara,6.12,12.38,18-Jun,20-Oct,125,666
Zamfara,Tsafe,7.01,11.9,11-Jun,23-Oct,135,693
Zamfara,Zurmi,6.75,12.88,25-Jun,16-Oct,114,650
